run_id,random_seed,val_sample_size,training_time_seconds,y_val_syl_prob,sp_f1_score,sp_precision,sp_recall,sp_brier_score,sp_syllable_accuracy,sp_average_lev,hyph_f1_score,hyph_precision,hyph_recall,hyph_brier_score,hyph_syllable_accuracy,hyph_average_lev,pyph_f1_score,pyph_precision,pyph_recall,pyph_brier_score,pyph_syllable_accuracy,pyph_average_lev
1.0,1682567854.0,6500.0,392.34203457832336,0.20809304485814917,0.8963616832469292,0.899934352433649,0.8928172683289914,0.0,0.8984615384615384,1.167055167055167,0.8804507843037719,0.9688302982906938,0.8068477856345366,0.0,0.7324615384615385,1.2060737527114966,0.859413858682401,0.9029613689927246,0.8198734648306661,0.0,0.6884615384615385,1.2358235823582358
2.0,1682568881.0,6500.0,495.3761076927185,0.20839340685032925,0.9053971820437205,0.9064579623207424,0.9043388816158594,0.0,0.8996923076923077,1.1764214046822743,0.8818103052851537,0.9690825585303013,0.8089582943706751,0.0,0.7335384615384616,1.1878393051031488,0.8584573218480814,0.9005956048469912,0.82008602954928,0.0,0.682,1.2136865342163354
