run_id,random_seed,val_sample_size,training_time_seconds,y_val_syl_prob,sp_f1_score,sp_precision,sp_recall,sp_brier_score,sp_syllable_accuracy,sp_average_lev,hyph_f1_score,hyph_precision,hyph_recall,hyph_brier_score,hyph_syllable_accuracy,hyph_average_lev,pyph_f1_score,pyph_precision,pyph_recall,pyph_brier_score,pyph_syllable_accuracy,pyph_average_lev
1.0,1682567854.0,6500.0,392.34203457832336,0.20809304485814917,0.8963616832469292,0.899934352433649,0.8928172683289914,0.0,0.8984615384615384,1.167055167055167,0.8804507843037719,0.9688302982906938,0.8068477856345366,0.0,0.7324615384615385,1.2060737527114966,0.859413858682401,0.9029613689927246,0.8198734648306661,0.0,0.6884615384615385,1.2358235823582358
2.0,1682568881.0,6500.0,495.3761076927185,0.20839340685032925,0.9053971820437205,0.9064579623207424,0.9043388816158594,0.0,0.8996923076923077,1.1764214046822743,0.8818103052851537,0.9690825585303013,0.8089582943706751,0.0,0.7335384615384616,1.1878393051031488,0.8584573218480814,0.9005956048469912,0.82008602954928,0.0,0.682,1.2136865342163354
3.0,1682570008.0,6500.0,609.5376410484314,0.20633299284984677,0.9045785194694052,0.903247246486897,0.9059137225026188,0.0,0.8993846153846153,1.1490066225165563,0.8787878787878789,0.9694428489373923,0.8036377487858299,0.0,0.7293846153846154,1.1873322597960279,0.8566866267465069,0.899884683929133,0.8174459575278545,0.0,0.684,1.217834960070985
4.0,1682571282.0,6500.0,672.4231712818146,0.20835605765485002,0.9068996122763583,0.9060953981144404,0.9077052552833365,0.0,0.904,1.1675170068027212,0.8794897959183673,0.9677745340220076,0.8059659622218066,0.0,0.728,1.1971076593465453,0.8579409026314502,0.9012663440749511,0.8185898634748457,0.0,0.6818461538461539,1.2176600441501104
5.0,1682572617.0,6500.0,982.4399313926697,0.20677707305614282,0.9021380804370349,0.8972365339578454,0.9070934747608675,0.0,0.9023076923076923,1.1530364372469635,0.8789038262668046,0.9678852066962761,0.804905767591628,0.0,0.7292307692307692,1.173936170212766,0.85518949715135,0.8966341159360066,0.8174069514158537,0.0,0.6813846153846154,1.2070465419747716
