run_id,random_seed,val_sample_size,training_time_seconds,y_val_syl_prob,sp_f1_score,sp_precision,sp_recall,sp_brier_score,sp_syllable_accuracy,sp_average_lev,hyph_f1_score,hyph_precision,hyph_recall,hyph_brier_score,hyph_syllable_accuracy,hyph_average_lev
1.0,1682287354.0,6500.0,690.2680995464325,0.2085723731549367,0.9157175398633257,0.912705031971087,0.91875,0.0,0.9056923076923077,1.1595259799453055,0.8832425276236061,0.972418432559704,0.8090485074626865,0.0,0.7270769230769231,1.1789360558839335
2.0,1682288665.0,6500.0,912.439742565155,0.20766325298859079,0.9096258932324506,0.9062819916240111,0.912994562160135,0.0,0.8987692307692308,1.1418861512319456,0.8870753850861981,0.9727069351230425,0.8153009563097694,0.0,0.7404615384615385,1.1743016759776537
3.0,1682290203.0,6500.0,1101.0751631259918,0.20832767682252779,0.9094995084039516,0.9143368163418997,0.9047131147540983,0.0,0.9,1.17083692838654,0.8821258002235545,0.9703778224904985,0.8085879284649776,0.0,0.73,1.1926406926406927
