run_id,random_seed,val_sample_size,training_time_seconds,y_val_syl_prob,sp_f1_score,sp_precision,sp_recall,sp_brier_score,sp_syllable_accuracy,sp_average_lev,hyph_f1_score,hyph_precision,hyph_recall,hyph_brier_score,hyph_syllable_accuracy,hyph_average_lev
1.0,1682287354.0,6500.0,690.2680995464325,0.2085723731549367,0.9157175398633257,0.912705031971087,0.91875,0.0,0.9056923076923077,1.1595259799453055,0.8832425276236061,0.972418432559704,0.8090485074626865,0.0,0.7270769230769231,1.1789360558839335
2.0,1682288665.0,6500.0,912.439742565155,0.20766325298859079,0.9096258932324506,0.9062819916240111,0.912994562160135,0.0,0.8987692307692308,1.1418861512319456,0.8870753850861981,0.9727069351230425,0.8153009563097694,0.0,0.7404615384615385,1.1743016759776537
3.0,1682290203.0,6500.0,1101.0751631259918,0.20832767682252779,0.9094995084039516,0.9143368163418997,0.9047131147540983,0.0,0.9,1.17083692838654,0.8821258002235545,0.9703778224904985,0.8085879284649776,0.0,0.73,1.1926406926406927
4.0,1682291916.0,6500.0,1263.7632813453674,0.20743370385458496,0.9056392032170578,0.9055545165513372,0.9057239057239057,0.0,0.8964615384615384,1.144019528071603,0.8813248407643312,0.9680958244710623,0.8088290310512533,0.0,0.7290769230769231,1.1882732651963421
5.0,1682293826.0,6500.0,1820.0575938224792,0.20846571096474234,0.9034873543096698,0.8955251141552512,0.9115924514269778,0.0,0.9024615384615384,1.1906327033689401,0.8815636234746063,0.9680827402135231,0.8092404945616808,0.0,0.7309230769230769,1.1967567567567567
6.0,1682296299.0,6500.0,2404.74840760231,0.21076302729528537,0.9087569454011111,0.9072155496470157,0.9103035878564857,0.0,0.8947692307692308,1.151888341543514,0.8807182985553772,0.9683432605338628,0.8076356945722171,0.0,0.7232307692307692,1.1899736147757256
7.0,1682299358.0,6500.0,2698.2724537849426,0.2072904483430799,0.9024748024416789,0.9081904761904762,0.8968306216495815,0.0,0.896,1.1558232931726908,0.8789108656563062,0.9685235507246377,0.804476629361422,0.0,0.7273846153846154,1.1948608137044967
8.0,1682302713.0,6500.0,3656.2329380512238,0.20792310841635311,0.9103795579595263,0.9053978853644964,0.9154163540885222,0.0,0.9132307692307692,1.1571428571428573,0.8839869281045751,0.9704035874439462,0.8117029257314329,0.0,0.7330769230769231,1.17907995618839
